uuid,name,gwp,declared_unit,category
46e20badd007458785803c71d90a84d3,1332684,140.1315403 kgCO2e,1 m^3,Concrete
a7da01a5aa5a4add8b51cfad7fa7699d,1332684,131.569704 kgCO2e,1 m^3,Concrete
7fa1d6a3a875416dae9d9c469caf4b3c,1332684,132.0175861 kgCO2e,1 m^3,Concrete
6af25cd4099b4336a00182772c90dad2,1548275,338.7475869 kgCO2e,1 m^3,Concrete
be7f8b4484c24ff295c00d1fb4b7669e,1548275,323.3708138 kgCO2e,1 m^3,Concrete
a44f49b5b38e4edc839b18d516499720,1548275,324.5614341 kgCO2e,1 m^3,Concrete
97c172742a1544da980b03ce093f26eb,3FAE75Z2,155.6407195 kgCO2e,1 m^3,Concrete
